0,0,137742915,137427452,137972479,137603548,138062855,138062499,137393148,137566408,137362527,137649877,137803900,137652868,138086114,137714722,137993902,138055714,137697379,137499651,139017635,137702526,138004284,137718545,137656770,137806814,138067900,137728240,137244327,137415934,137360762,137742786,137739878,137489723,137602050,137250071,138029254,137590880,137642556,137624933,137658313,137523040,137572816,137778334,137497018,137841294,137752867,137877661,137670351,137556443,137626907,137434942,137016952,137902484,137975113,137524359,139615503,137573602,137427178,137555220,137471086,137771357,137044966,137442642,137797448,137405042,137237182,137886222,137426756,137508942,137703792,137710761,137559296,137843177,137522727,137853036,137566577,137941522,137648956,137479256,137845185,137877598,137863722,137979876,137686989,138957912,136901240,137334624,137130914,137139117,137240363,137206350,137512728,137563981,137388888,137431605,137450343,137728072,137487296,137459639,137723719
0,396493937,238206799,238780237,238533053,238822605,239072311,238847203,238445871,238469959,238497201,238438995,239359093,238853511,238987194,238612341,238709031,238437411,238176891,238190880,238706329,238902526,239163953,238708657,238554454,238334945,238757297,238655193,239759362,237870730,238318502,238446620,238274955,238769890,238652802,238355352,239174193,238369848,238652123,238642218,238712237,238434164,238429516,238842414,238224900,238957985,238254899,239041582,238772686,239734662,238479058,238862071,238287914,238997206,238697472,238487465,238414376,238044897,238362460,238477639,238761554,238437000,238219004,238441211,238557963,238360602,238468933,238901310,238088983,238222045,238662579,244139091,238518406,239181208,238123039,238803524,238619614,238739634,237990547,238608940,238671787,238630236,238961721,238865558,238399618,238680796,237988027,238286581,238515763,238006455,237904198,237816974,237781633,237992776,238243022,238346836,238191543,238402390,237818593,238314622,238038640
1,137600209,137925812,137158161,137663216,137344764,137723581,137661171,136968063,137476262,137782703,137982062,138035501,137629268,137399927,137537826,137492902,137224430,137225127,137619796,137452637,137498594,137764066,137871851,137742238,137696806,137718760,137228278,137321463,137971369,137174343,137437793,137769891,137676500,137247749,137753079,137309711,137368212,137465755,137568427,137187214,137399786,137415769,137497907,137260064,137737270,137437812,137605810,137645184,137813804,137241199,145310319,137688114,137335261,137736714,137521056,137819861,137307031,137787209,137173982,137673416,137156100,137678350,137390124,137268416,137808951,139846664,137177129,137271666,137343660,137210370,137087652,137266166,137758354,137402434,137255623,137593131,137158709,137995887,137073258,137752021,137519488,137476033,137746407,137424192,137559141,137186245,137505425,137283418,137952733,137402159,137515198,137617717,137423130,137253706,137480398,137402790,137272180,137602649,137548534,137187459
1,237950214,238005919,237746304,238511982,238097528,239008626,238072680,237934133,238394735,238616914,238552667,238509153,238270284,238221178,237869428,238842451,238131638,238021541,238632335,238560855,238468399,238310754,238917234,238597985,238737178,238830701,238116465,238468944,238667897,238126082,238111585,238560421,238481983,238478156,238850712,238435656,237853228,238122649,238509148,238375224,238202648,238499882,238181894,237907084,238462815,238312309,238139616,237812575,238530907,237848894,238636496,238118556,237956051,238718009,238526241,238639991,238242873,238689224,238167902,238619717,238160226,238643777,238221463,238213916,238321186,240777800,237815075,237771227,238248062,237927825,238134132,238529438,238401279,238076771,238504631,237854449,238144597,238394175,237841407,238095261,239237408,238314037,238462843,238272966,238151283,238037249,238853097,237825641,238371264,238215169,238105815,238569563,238327360,238295436,238334686,238366634,237590439,238508858,237924345,238116345
2,137591483,137029148,138270468,137809141,137711681,137190366,137298753,137475491,137783298,137529627,137683717,137946973,137723379,136971029,137528693,138021588,137573995,137575731,137929524,137459522,137338937,137421905,137305219,137683215,137216758,137330136,137588474,137887787,137713548,137432706,137010254,137130033,137719442,137118303,137396913,137185264,137185419,137965858,137162448,137580463,137815161,137677667,137552030,137682176,137486511,137847582,137674807,137211922,137636469,137214540,137291848,137509850,136944829,137359345,137525047,137297383,137319220,137616369,137758502,137524630,138496494,137340761,137824251,137605925,137756905,137300020,137843469,137061684,137249991,137783198,137544408,137156865,137361539,137510238,137590141,137726016,137500822,137506668,137341494,137251952,137505812,137606120,137206966,137713251,137384542,137344081,137265394,137596117,137571557,137389688,137469271,137513115,137291493,137801962,137519126,137642004,137233872,137309052,137678482,137859332
2,238068812,237836018,238496854,238435819,237998481,238193193,237940766,237812354,238944311,238489627,238254664,238960855,238328787,238072163,238379890,238604641,237951241,238454681,238399270,238591920,238089383,238008347,237739345,237901355,238129485,238249678,238430856,238479896,238921535,238587561,237822150,239865428,237950115,238071556,238008894,237870170,237804554,238279610,239442576,238266966,238412744,238297220,238894986,238451609,238263853,238606136,238195008,238155121,238485506,238120383,237999783,238453875,238061552,238655984,238160693,238156792,238249657,238448269,238473275,237696151,238510760,238424902,238131298,238171474,238743445,238307941,238681374,237794321,237682449,238436584,238544227,238536673,237973582,238274968,238623191,238632923,237924569,238158197,238169326,238223734,237838120,238739065,237851011,238011270,238308457,238110784,238388368,238035176,238524634,240617545,238273970,238454649,238162662,238489834,237995736,238500471,238002407,238061737,238545486,238447847
3,137324732,137720667,137314866,137388282,141090117,137601642,137494947,137551629,137293271,137612808,137439761,137982551,137963677,137189735,137296354,137436230,137162832,137357332,137459275,137639970,137263205,137786408,137384846,137894499,137548071,138793999,137656121,136998901,137412387,137099521,137311792,137238768,137598938,137659451,137204810,137407247,137578996,137473152,137350263,137451805,137623852,137397721,137384751,137500112,137480012,137554860,137257424,137746096,137646217,137452402,137372997,137580593,137850690,137008965,137828288,137652824,137944433,137826777,137911276,137363379,137799002,137481329,137535714,137040789,137237228,137489062,137265945,137581092,137316262,137411692,137522157,137601417,137646550,137902037,137608375,137829495,137125328,137769184,137497905,137813814,137566154,137199186,137260094,137090912,137033647,137799511,137903119,137951165,137374844,137042141,137462560,137482883,137148653,137140976,137633583,138212884,137605819,137284495,137507104,137531043
3,238514084,238097450,237870318,238387389,240949650,238151235,238379768,238402923,238230785,238297584,238100771,237914517,238653149,237849139,237733179,238470635,237948693,238422953,238478110,238525120,238282646,238713047,237972797,238594738,238308944,238496090,238463918,237944071,238239982,237884011,238007940,238258719,238797877,238475485,237894058,238406475,238512189,238271559,238263059,237842520,239036652,238131711,238195551,238158260,238130545,238611963,238191718,238467889,238042681,238217016,238191365,237956965,238488369,237786752,240355928,238407774,238629728,238492570,238587838,238441306,239049072,238348946,238614130,237934005,237636837,238123864,246275652,237830671,238094407,238410498,238348634,238410992,238377262,238492961,238726506,238363949,237907184,238093307,238400178,238502431,238289664,237736641,238542128,237941469,237723928,238538879,238688462,238709540,238402735,237635221,238306509,237971187,237863748,238108370,238221918,238562232,238084226,237981021,238320477,238543556
4,137759510,137688114,137734203,137457833,137774110,137573976,137900238,137453039,138019193,137592872,137703892,137636811,138027145,137119201,137676541,137332903,137778402,137515848,137623037,137939738,137143522,137408047,137683985,137316115,137279782,137290325,137366733,140314943,137319220,137422395,137621490,137079583,137417884,137801649,137322698,137409098,137568703,137826297,137439931,137474304,137962067,137913119,138166622,137485586,138014403,137877243,137482882,137653944,137489471,137535930,137369972,137592937,137563619,137853881,137632193,137414021,137894627,137526879,137389480,137760709,137473806,137453278,137941222,137728820,137205462,137175528,137536291,137393457,137482566,137639944,137557733,137795152,137076156,137678610,137336840,137444033,137013766,137061180,137488188,137438608,137489253,137581252,137571430,137564583,137406257,137458619,136931802,140199996,136947700,137515379,137344022,137442965,137604508,137531075,137621197,137712210,137488808,137586010,137561698,137168109
4,238609976,238763854,238246857,238129684,239082257,239655390,238601548,238245138,238866568,238735812,238604169,238434924,238329184,237797179,238557379,238284177,238452093,238537116,238884983,238498070,238179641,237990194,238205335,238137664,237980927,237978267,238124870,238346030,238506312,238090698,238405347,238090621,238160072,238620474,238364940,238496440,238725312,238591633,238391553,238076496,238630310,238595370,238198142,238128616,238472304,238745187,238129965,238703660,238488781,238015444,238032047,238016808,238341846,238618122,238634209,237876903,238638447,238314257,237995475,238503270,238644686,238254904,238651091,238754110,238256812,238064609,238304970,237811991,238069421,238005464,238346678,239893169,237731200,238247253,237987534,238293121,238260063,237698218,237907030,238062169,238187704,238498977,238219740,239667056,238601832,238268754,237811931,239504966,237994986,238193238,238126113,238112570,238296718,238582466,238498409,238697824,237925409,238662165,238229782,237959754
5,137323164,138083493,137619166,137630553,137025118,137430009,137132582,137244188,137646689,137520071,137413104,137377419,137841837,138106425,137011251,140662730,137647988,137260949,137431472,136959936,137214286,137233911,136969488,137266600,137141508,137633702,137825964,137114931,137594243,137173852,137389287,137662162,137194302,137168865,137501200,137532631,137172395,139065858,137140272,138384451,137200015,137347320,137336949,137226867,137174571,137295231,137514149,137614241,137157460,137163741,137004964,137441853,137366529,137995780,141419513,137468939,137412067,137231654,137124940,137664932,137440341,137530050,137110724,137504836,136949900,137513989,137220671,137074944,137358212,137460630,137560498,137791113,137346229,137243895,137023114,137068472,137410647,137454744,137627411,137044096,137221885,137764936,137119552,137057864,137344043,137515698,137494363,137292072,137470059,137453990,137343314,137025734,137087864,137044872,137971214,137420390,137555683,137111502,137175144,137431960
5,237966911,237772027,238370030,238153095,237762931,238100850,237606541,237867761,238379218,237691461,238403249,238207639,239668181,238229969,237920701,237907422,238491165,238146552,238481572,237809024,238126647,238223197,237784329,237924051,237699860,239464125,238388372,237909253,240407791,238180707,238410840,238230836,237791634,237527961,238210264,238297166,237755541,239091671,238147078,238270317,237880099,238303741,238339863,237712649,241057252,237554368,238878044,238301773,237992355,238999613,237591770,237862805,238321948,239716459,238302906,238082236,238376344,237703848,239875484,238226564,238349905,238486144,238252771,238479767,238105023,238198767,238097635,238015715,239566437,238275618,238722848,239086322,238262038,238172394,237783282,238125374,238714760,238121834,238516801,238066545,237892986,238151956,238009404,237773729,237953244,237999305,237794988,237934276,238175558,237784860,237887742,238033632,237800127,238271853,238871396,238151545,238181727,237826766,237611149,238094281
6,137461776,137422172,137329281,137022883,137204816,137151583,137831472,137511613,138101726,137493013,137115001,137040907,137318447,137893200,136989144,137116192,137384675,137769588,137026545,137134075,137451986,137350879,137120115,141189018,137494100,137700348,137229996,137676924,137366179,137234352,137854361,137391466,137245618,137271879,137036958,137577251,137241607,137506242,137344582,137139439,137640496,137062070,137454335,137097723,140554588,137189928,137334294,137041331,136967356,137378719,137088925,137631746,137628440,137398641,137979826,137454107,137181891,137446349,137558034,138128402,137118594,137377313,137130293,137101517,138481747,137721135,140241863,137374333,137121953,137387530,137103321,136982139,137735846,137419159,137231880,137424360,137608262,137937472,137072213,136987076,137657422,137596954,137610121,137715159,136930208,137397067,137765409,137557912,137878761,137543324,138284425,139429075,137182294,137469816,138107435,137485996,137138438,137290628,137735831,137530431
6,237986486,238053455,237965619,239357477,238082686,240326687,238038728,238190755,238451606,237880197,238015696,238180911,239674963,238250329,237929827,239882656,238946265,238160309,237858225,237671713,238061190,237619589,237569217,238196040,238293325,238175939,237703951,237756921,238183953,238232036,238697901,238105033,237649093,238310008,237834445,238067473,238549283,239851796,238293987,238122781,237945468,237722634,238828417,237614726,238449993,238132075,237645727,238036413,238133986,237888989,237951065,238200300,238765415,238132969,238484594,238151006,238145943,238013746,238158633,238257088,237876719,239429515,237898654,237708918,238609522,238366149,238623144,238749911,237892494,238172031,237918159,239438068,238432547,240031443,238235493,237984445,239720285,238309016,237550250,237806775,238185268,237954329,238400591,238360712,239084873,238416279,238314520,240879627,240187193,237695050,238291974,238366166,237894854,238140051,238057659,238252286,238236466,239596102,238545158,238227094
7,137385244,137688850,137942240,137595061,137443146,137133243,137284277,137312944,137269440,137818832,137229486,138051046,137628500,137484799,137786803,137255854,137682805,137558398,137191249,137177696,137238378,137173189,137462881,138054575,137468270,137285640,137478157,137624135,137195794,137220934,137544549,137900789,137193231,137799113,137282574,137148266,137394065,137791180,137809272,137587548,137445128,136978999,137031608,137782699,137118550,137284480,138327678,137318034,137320730,137590456,137370345,137215254,137514945,137593630,137598832,137280150,137008731,137061437,137542881,137494455,137095906,137777126,137765966,137142167,137482237,137511756,137309625,137228274,137561183,137372998,137207744,137698339,137214835,137532865,137571376,137612172,137227711,137422544,137554807,137253186,137389505,137810047,137511088,137372390,137589138,137422842,136894806,137384694,137424964,136962561,137520287,138106799,137086181,137129800,139829254,137299482,137160563,137156344,137200778,137283396
7,238299559,237815257,238316676,237908389,238366078,238258231,237905382,238120194,239873375,239046764,238055365,238316422,238268467,237964043,237983150,239702592,238259550,238488986,237880621,237986515,238150789,237598567,237762269,238387655,238267936,239213307,238326619,238247150,237924044,238133889,238333276,238265206,237807912,238061874,237916015,238044988,237994003,243328596,238236550,238549603,238376356,238166653,238377957,238233765,237946302,238085116,238238346,238067603,238457484,238122096,239169986,237907617,238137463,238317323,238227088,238061823,237730185,237821710,238356207,238360856,237984266,238128931,238254288,237616257,238264661,238361510,238184384,238416456,238224427,238409303,238109832,238506679,238054223,238446156,238414085,237691263,238483368,238333018,238759685,237852249,238177473,237923719,238424872,238039763,238501547,238176222,237806894,238441083,237705190,237957427,237965355,238215366,237950986,237858611,238538958,237952374,237818749,238163731,238106825,238063058
8,137310121,144102621,137286155,137292566,137479077,137337052,137272420,137638676,140861977,137299411,137048261,137275478,137250250,137457687,137472257,137363211,137159135,137092665,137443838,137172153,137223627,137322384,137292264,137913157,137246847,137515699,137310686,137250508,137358654,137153403,137337474,137499524,137549099,137543278,137142165,137152335,137079571,137195261,137843944,137362252,137549086,138796982,137523550,137409018,137636843,137210247,137869454,137668983,137189135,137684673,137049246,137221492,137362885,137178453,137143029,137290395,137233684,137012179,137725980,137456389,137500990,137150025,137361690,137736343,137244931,137250735,137874573,137652007,137425331,137651517,137502630,137191572,137512482,137657760,137724320,137518101,137197469,137593509,137499576,137102668,137880256,137498353,137558997,137558546,137563291,137737308,137826686,137837568,137485102,137509064,137598032,137406985,137714975,137484181,137728320,137337623,137528321,137365808,137599426,137208416
8,238189147,242245179,238334044,238217783,237738503,238058316,238359182,238420682,239063379,238197903,237918446,237987984,239651676,239709580,238046041,239596309,239194024,237817759,238482110,238110551,237794546,238621771,237840742,238345171,237624866,238142975,238134714,238188219,238123799,237801581,237947619,238122245,240326130,239372299,237743352,237769657,237755856,238418958,239574902,239732202,239824429,239350149,238442465,238286140,238693684,239214875,238176907,238605178,238089428,238013560,237657309,239104599,239788327,238495114,238094892,238423604,237864492,237683987,240751162,241813182,238653985,238092913,238250235,238921384,238167793,237988907,238691050,237909351,238383989,238387773,237733006,238070705,238294051,241986988,238632138,238376790,240020372,237983715,238701622,237887437,238511821,238479359,238106876,238584227,238473053,238658631,238597684,238798889,238311732,238432742,238279834,237978346,238585514,239848705,242304338,238777797,238622956,238051384,238492356,238263012
9,137774948,137433210,137366649,137688160,137552628,137590992,137411055,137814927,137492436,137079970,137611875,137332837,136999370,137418363,137509052,137672368,137745027,137505845,137312302,137165813,137404329,137618188,137172221,137471474,137289262,137872124,137826073,137283186,138617349,137533121,137621328,137942110,137039030,137333665,137930588,137688341,137623279,137085502,137389012,138168036,137654839,137437606,137493125,137245457,137329035,137811791,137702044,137487859,137323439,137961172,137539904,137988638,137439435,137507925,137754884,138031160,137610392,137793653,137957775,137801644,137444985,137661306,137782560,137428663,137315094,137386479,137590604,137809309,137141945,137490461,137497298,137385113,137618373,137413772,137398580,137632451,137517934,137835909,137623236,137812035,138058807,137651404,137707281,137516709,137414279,137778662,137337727,137705729,137799616,137817518,137899334,137788290,138583438,138040996,137723061,137739081,137952980,137949558,137482973,137615185
9,238651922,238023929,239195829,239725433,238680270,238588904,238582454,238411974,238305120,237979998,238495915,238202894,237925876,238261141,238292599,238366148,238488513,238291720,238232412,238232118,237977398,238210886,237967622,237692026,238524503,238438296,238786488,238286979,237730845,238516988,238198398,238620242,237817056,238050110,238553659,238313418,238604259,238029516,238339873,238470622,238545761,238371909,238371135,238099456,238436200,247501330,238761716,238526087,238283224,239057799,238421263,239034199,238347691,238116332,238672873,238909978,238666065,238283812,238840906,238749196,238044768,238377309,237945585,238686584,238496635,238498959,238381218,238719396,237991418,238622261,238630844,238292375,238733750,238161208,238299988,238361807,239653086,238546351,238335105,239504646,238704944,238227850,238537009,238470595,239051725,238544404,238212019,238555995,238538556,239083739,238310270,238782958,238770506,238802489,238623558,238552990,238633790,238512197,238351013,238675087
10,137177458,137794256,137792457,137382222,137844247,137328338,137935233,137729791,137522702,137602402,137742569,137745329,137187887,137875518,137596756,137359829,137694983,138590260,137976482,137948629,137809008,137727528,137422928,137784710,137710092,137864180,138056207,137439604,137575960,137878519,138682449,137340276,137075870,137331457,137262125,137828700,137537704,137403167,137693031,137710814,137767826,137346728,137155937,137797265,137627422,137698399,137532077,137528513,137423625,140423318,137790721,137635317,137607159,137509576,137753658,137849507,137280597,137417367,137824344,137591175,137461185,137559024,137982292,137846813,137439313,137491556,137426992,137736454,137388529,137445280,137571823,137723600,137783088,137825863,137624768,137333892,137501828,137449165,137976247,137889177,137743758,137402076,137872439,137613612,138015472,137409110,137757301,137402245,137989357,137495584,137994738,137448601,137912080,137497931,137266240,137387673,137755565,137452395,137949043,137270516
10,238327966,238464890,238456712,238753429,238551660,238218177,238588673,239079268,238734621,239839872,238619685,238635131,237772149,238834587,238406529,238281289,238609169,238627299,238817739,238541452,238392899,238769125,238490810,240262578,238950307,238486236,238812061,237973706,238459331,238129926,237750737,239091913,237862188,238320696,240763691,238412893,240158763,239702132,238805505,239133910,238579028,237989514,238000042,238696018,238787347,238557593,238320359,238324563,238546521,238012510,238730355,238197913,238726581,238191095,238226938,238666426,238602487,238945606,238613477,238296531,238545037,238667730,238719741,238536804,238463506,239107997,238749164,238283794,238020483,238149280,238701832,238341257,239017147,238689660,238685728,238449830,238144336,238344987,238634693,238437649,238522359,238030838,238549732,238889362,240018121,238411066,238600353,238142118,238493726,238142132,237997358,238380812,238718038,238070480,237995826,238277958,238140935,238493355,238476081,238161711
11,137529162,137387828,137610607,137674393,137530197,137742688,137583849,137359025,137516183,137430356,138783572,139078124,138751882,137510710,138620399,137621268,138544872,139142278,137753363,137384660,137644247,137332847,137113497,137242683,137279402,137844944,137283111,137453988,137300889,137538828,137413439,137321777,137486236,137425210,137238822,137252769,137303801,137607362,137530200,137553355,137513600,137396523,137200412,137282112,137174457,137443342,138024046,137928439,137520220,137373278,137044707,137003061,137360302,137714957,137765657,137487580,137378485,137734856,137498159,137563527,137294568,137412494,137420219,141093613,137412758,137420946,137917284,137535595,137201048,137644724,137506107,137337217,137037394,137391632,137863967,137075697,137741363,137577247,136988188,137324329,137357523,137596727,140896872,137558383,137253637,137278844,137448230,137434443,137651105,137510522,137084510,137512899,137183565,137506012,137200892,137367960,137318770,137265394,137592172,137580533
11,238227495,239904641,238138533,240759408,238192444,239910522,238378229,238417959,238047441,241049936,240869069,238503863,239578663,239612516,239425423,240604184,238506704,239782407,239924875,239531090,238569132,238590961,238028523,238062490,238258730,239571450,238223294,239533562,238308963,238950431,240536314,238778044,239661906,238356324,239636299,237680369,238068905,238560972,238185418,238301235,238000858,238808990,238284400,238300022,238224355,238104399,238418394,238742162,238321830,238249624,237620110,237983413,238402177,238331226,238634800,238254109,238315118,238650546,238150288,238035593,239487251,238452652,237934625,239499393,238157594,238207968,239543469,238165195,238420962,237912083,238100673,238187119,238207024,237916227,238294957,237659024,238145579,238135492,237705023,237889332,238089680,238407364,241028606,237915055,237569245,238016374,238284564,238059228,238441902,238317316,239017782,238030760,237924865,238186270,238035906,238161197,238174590,237857953,238276495,238129517
12,137550896,137410359,137490676,137183233,137360561,137535593,137571400,137373478,137570851,137567252,137540850,137700645,137168604,137603745,137515603,137235369,137436178,137555361,137487766,137827926,137484226,137548426,137955854,137401822,137207575,137013439,137002927,137239075,137075126,137106246,137194940,137014402,137252997,137442832,137319022,137135358,137066794,137165869,137923673,137398619,137231675,137371725,137050545,137200700,137181877,137365884,137116491,136910457,136909496,137220808,137204018,137643888,137424889,137507646,137577081,137211312,137042063,137450503,137324620,137523676,137487459,137114892,137309406,137305336,137469240,137251796,137549271,137300217,137562563,137910941,137249790,137458741,137375565,137532075,137496515,137382787,137080103,139604441,137606599,137180508,137417236,137389629,137363313,137299890,137425380,137142508,137559305,137200868,137145880,137581436,137530167,137375272,137220108,137002168,137523342,137431323,137433386,137189487,137362370,137426529
12,237987211,238005307,238222768,238053165,238400310,238136263,238064299,238033926,237961359,238480393,238372691,238000542,237750063,238071205,238228236,238660865,238053996,238430711,238232910,238425145,238385522,238030781,238139497,239441505,237645504,237801843,237733546,238157139,237589549,237635744,239620795,238935243,239095586,237708774,238321415,237841726,237941601,237894138,237641317,237919515,238019665,238690481,237869337,237797036,237658705,238005426,238717875,237968961,238693415,237838789,237913506,237993313,237813157,237851752,238172606,238962336,238223790,238487380,238571165,238132025,238723185,238117508,238153202,237904493,238403855,238053789,238408233,237929677,238030765,238171471,237749568,238128242,237921285,238230215,238265589,238219601,238126819,238189594,238323199,237866226,238147960,238181421,238327089,238370513,238126738,237808361,237952041,238241078,237645939,237601393,237844054,237796954,237786709,237938274,238017315,237951683,238000326,238142033,238316866,241528322
13,137533772,137167166,137511021,137552017,137608310,137344189,137715027,137078280,137460639,136967098,137329710,137333054,137173808,137461044,139443365,137932856,137568382,137450227,137416012,137454768,137227455,137422228,137335734,137435058,137307689,137548637,136974705,137238084,137429907,137198838,137338313,137800192,137602617,137580657,137279002,137482601,139885174,137761041,137451856,137331656,137331070,137501253,137389425,137489506,137261472,137093302,137332150,137108804,137848715,137329561,137941178,138100656,137194059,137870450,137142610,137421689,137768258,137247377,137540643,137260342,137542821,137897869,137478772,137293730,137661896,137552595,137164904,137768773,137098441,137457202,137519739,137387364,137405685,139200947,137590371,137367735,137110413,137473120,137516162,137576097,137289640,137232693,137618196,137439972,137371643,137265137,137570484,137572965,137242473,137551901,137188863,137508934,137171278,137477632,137260678,137382316,136868953,137612180,137359152,137077076
13,238281973,237867930,237832421,238060094,238048833,238162099,238162555,237828312,237814640,238220385,238165368,237839471,238153570,238047490,237959259,238123647,237973361,238066063,238152568,238061167,237716313,237666666,237986042,238353638,237864282,238217030,237910202,237870035,237983830,237650625,238280266,238093125,238199154,238373061,237845994,238210079,237992497,238098082,237761617,238000308,238211006,238270837,238470326,238299015,237953211,238072715,238160154,238180892,238230601,237898091,237919175,238273778,237679825,238283360,238122020,238148748,238481674,238365076,239447840,237850978,238219574,238013404,237816965,238093581,238041948,238058024,237712130,238409183,238212219,237974537,238566672,238115546,238469613,238071990,237793302,238044302,238361568,238032429,238201975,238116170,238059824,237941074,238273053,238332142,238220126,238195326,238107482,238103587,237776219,237974414,237793064,238051826,238097985,237587038,238185002,238247705,237836545,238103450,237911183,237587035
14,137580381,137593125,137082307,137368006,137446092,137247031,137275886,137492139,137199344,137616570,137731606,137596708,137425288,137505343,137562216,137916973,137143644,137262900,139521418,137423605,137556413,137496218,136921144,137689422,137466656,137263911,137450970,138853121,137363630,137193793,137129007,137616083,137342932,137243021,137009849,137309751,137062515,137284286,137519627,137580552,137967866,137613074,137704312,137712376,137503082,137663923,137266191,137540859,137091777,137322335,137507830,137688003,137484540,137119809,137950647,137592697,137781021,138066625,137732449,137712413,137690822,137609038,137531685,137415552,137859664,137862154,137983442,137833005,137731764,137418223,137555214,137576031,137013662,137123667,137469637,137553569,137321313,137221021,137537867,137075113,137412351,137813724,137308057,137398229,137529824,137713550,136984413,137379724,137463674,137598896,137654298,137072882,137781520,137213725,137186661,137071248,137155321,137114968,137266328,137583371
14,238036818,238180615,238200745,237793186,238199340,238177651,238099315,238229704,237987833,237880336,238386139,237941638,237863912,238188522,238299267,238133179,238022330,237842531,237570427,237799824,237912596,238175636,237894058,238505677,238240033,240401288,237912442,237942685,238137464,237836272,237603222,237955865,237905788,237578304,237885847,237971793,237728873,239248577,238178204,237800545,240884503,237981317,238210857,237868952,238084372,238226519,238062269,238196094,237839114,238030470,239081392,241803303,238607351,237763720,238651468,238317144,238656160,238581528,238589940,238044018,238098394,238380228,238538579,237977428,238228150,238492775,238423732,238273686,239017553,238119910,238475508,238514143,237715966,238216234,238387470,238190550,237883033,238136029,238022684,237964163,237955305,238162373,238173030,238206850,238132815,238255856,237751138,238328735,238178662,238301763,238627572,237877719,238956357,238213717,237995169,238476545,237752819,237825766,237951930,239064257
15,137527040,137653532,137571493,137407048,137519090,138163456,137070308,137363797,137497797,137505914,137410240,137086636,137431720,137316666,137684097,137041222,137413487,137184617,137853011,137037703,137537104,137493695,137281172,137057500,137545443,137619932,137596757,137444121,137622491,137360514,137819513,137567309,137686588,137395222,137224198,137859078,138386971,137593824,137512046,137245399,137784455,137793796,137344686,137782525,137370485,137940177,137086599,137455771,137501358,137527399,137700541,137709652,137709789,137534378,138217618,137362904,137538464,137235111,137668870,137610801,137178428,137269368,137588546,137588836,137564859,137838137,137618157,137677578,137343903,137703650,137862273,137735987,137104286,137589049,137329173,137440409,138081957,137972861,138020831,137634518,137814954,137549392,137660638,137992409,137664511,138089231,137630686,137575121,137783806,137421904,137758868,138855931,137378323,137311107,137441663,138153315,137493385,137510584,137317429,138050903
15,239517929,238006765,237772398,238430603,238051280,238166392,238314443,238290121,237777150,238674402,237993793,237809629,238491120,238063912,242595781,238000780,238669208,237974150,238309731,237565588,238139844,238170475,237952939,237643457,238121088,237616906,238140173,238301413,238273237,237675030,238487523,239937902,239785712,237994838,238029084,238379249,238728158,238106937,238339884,238455726,239085133,238724042,238162927,238616158,238033138,238233719,237636033,238207335,238299568,238260545,238855732,238315255,238507394,238389149,238377894,238397465,238585784,240728690,238044217,238655584,237996254,238446806,238977865,238334421,238089406,238869333,239541851,241206088,238245040,238090435,240005773,238338873,237837194,239534622,237836549,238314691,238738110,238795198,238596948,238536114,238648550,240101893,238585452,238625598,238564011,238783877,238174275,238540664,238150353,238419667,238271993,239151313,238140169,239568200,239973359,238793531,238249348,237891414,237837849,238913958
16,137619157,137793960,137393519,137422994,137607212,137613914,138045914,139173630,137513515,137493635,139136477,137728128,137578247,137626953,138628960,137730284,140415936,137389590,138682237,137786361,138709590,137326548,137832368,137753549,137589335,137978493,138354981,137587338,137451788,138900548,137671648,137508706,137496940,137862355,138170332,138136295,137528822,137535447,137413761,137959175,137731109,137678173,137744358,137732520,137870542,137515546,137744733,138470719,139264550,137742099,137654597,137575328,137306784,137787537,138216852,138388081,137094533,137310220,137908178,137602091,137583258,137427005,137139496,138432970,137016743,137047811,137455324,137781113,137549865,138944524,138674331,137924549,137498083,137666890,137626814,137500693,137486177,137591095,137563698,137851743,141248455,138048017,137185360,137084103,137479787,137270684,137276881,137594275,137856324,137288094,137337478,137797942,137500348,137394931,138065646,137741974,137673618,137539677,137614243,137713642
16,238565335,238616806,239586168,238316930,239876049,238286589,239758627,239870830,240948859,238679577,240033705,241099663,240912815,238117228,238381530,238489010,238654294,238110255,239653312,238369667,237798827,240485980,238684045,238521444,238545669,238347497,238586721,238351228,241202378,238172214,239640154,237836788,238406465,238627640,238808105,240015373,237974002,238327587,237807093,238538860,238518388,239903750,238448330,238541313,238721032,238183969,237782414,239654691,238405269,238538026,238892512,238098879,238405234,238843463,240595546,237572573,237892402,240810333,241393604,238997583,238405370,238221281,237826193,239235072,238882784,239044165,239159567,238324321,238592078,239512709,238196658,242154813,238559192,238820174,238347001,238424448,238313176,238718027,238384190,238523517,238827090,238812243,238472729,238377679,238428147,237817432,238050460,238674116,238714041,238757664,238196641,238753836,239209346,238848065,238667619,238199400,238349451,238722289,238560657,238451717
17,137616884,137650059,137419035,137882934,137629644,137578100,137104227,137070681,137416489,137621903,137375979,137505411,137539030,137267906,137679875,137136362,137989400,137778676,137717884,137430436,137913712,137070214,137733232,137611787,137365566,137013390,137422974,137685134,137784441,137709353,137747148,137773030,137764899,137657299,137863621,137194321,137085200,137799370,138234865,137546998,137353952,137735864,137480224,137185628,137486377,137696056,137456499,137565610,137654675,137639617,137500991,137493210,137647927,137644967,137662080,137529026,137437655,137449333,136982293,137180244,137439736,137699231,137639668,137614334,137288970,137607315,137613907,137671377,137175949,137220630,137546960,137113031,137577398,137407775,138722931,137286353,137050044,137374167,137691647,137819633,137684848,146520914,137790441,137960698,137703574,137346882,137772810,137275774,138052302,137606178,137299106,137447259,137515202,137900221,137870015,137202118,137401556,137735497,137289342,137328983
17,238611015,238436470,238414410,238261682,238366598,239050249,238001315,237809026,238410148,238570622,237889505,238497905,238467926,237565610,238217353,239630203,239198245,241382711,238603657,238283292,238361627,238247097,239000744,238672614,238091499,237571033,238387688,238577996,238162499,238158457,238810436,238827220,238527701,238242373,238626810,238006046,238066580,238748739,238683824,238633808,237827406,238417988,238217537,237737353,238578987,238571827,237904788,237992893,238602099,238365739,238105744,238317574,240919802,238487778,238270579,238242657,238634479,238360044,237966326,238337545,238113112,238394601,238510866,238484234,238628894,238408249,238400405,238595615,237850627,237980627,238246953,238318369,238485923,237843406,239680178,237991783,238001996,238200978,238353512,238786494,238679228,238817649,238092292,239044670,238476240,238543739,238794964,238261134,238336922,238656813,238370070,238540548,238755623,238470609,238838162,237710626,238636626,238283385,238267504,238269557
18,137685017,137596960,137601477,137302490,137376946,137159479,138065859,137852387,137448433,137398378,137282582,137663977,137973625,137478066,137477996,137679089,137964285,138140692,137469071,138296145,137488489,137587710,137255599,137448197,137414506,137484244,137494665,137763891,137503118,137819469,137157739,137404722,137615617,137720823,137962826,137574778,137145708,137651440,137629835,137664094,137219459,137223117,137602894,138025072,137988886,137256821,138075093,137535647,137389881,137872505,137660135,137600580,137164292,137933794,137728276,137668721,137791116,137688855,137502180,137364143,137468900,137292658,138043641,137203649,137831333,137868814,137784344,137613507,137563607,137065852,137495255,137745412,137853037,137630098,137653022,137836667,137868955,137996164,137574775,137531400,137639272,137663046,137532097,137921180,137792324,137512201,137803005,137865048,137501233,137662771,138187255,137358979,137171519,137584713,138163582,137567814,138361228,138013788,137401311,138011003
18,238211009,238549353,238524672,237980764,238109663,238004531,238099719,238844130,238902179,238798557,238218294,238559300,239027446,238301835,238554648,238890843,238507453,238571274,237857814,238727438,238363818,238329985,238132715,238299858,241692952,238450388,238581706,238457203,238432198,238440086,238031956,238081796,238578057,238217722,238362732,238494216,237894505,238776236,238645280,238496153,237697166,238306452,238568903,238727594,238654658,238063233,238783703,238279990,238052096,238954893,238355321,238279144,239278885,238954029,238512935,238943589,238462499,238447033,237979177,238030971,238267088,238652905,238941241,237968319,238610079,238454759,238664182,238632295,238425826,238122933,238422798,238901125,238699082,238202246,238270728,238385641,238704250,238960846,238485397,238800279,238301632,239881467,238478414,238237573,238326496,238667269,238623237,238922623,238411103,238386687,238256246,238586872,237683087,238730288,238826820,238750957,238312552,238580379,238190407,238661859
19,137140114,137456919,137762909,137667100,138004086,137816250,137856299,137942448,137800627,137447507,137494059,137852187,137539325,137564558,138032449,137881560,137458642,137699849,137742778,137738016,138095617,137289787,138609710,137297691,137565242,137189586,137661864,137412522,137586936,137851885,137941496,137739449,137121773,137259074,137629052,137989511,137434867,137753544,137289804,138113019,137781142,137673755,137429322,138097318,137532293,137827815,137839376,137263607,137664461,137419527,137243064,137845154,137499268,137249480,137287437,137524026,137644928,137527504,137736846,137052330,137582933,137408245,137889463,137622928,137802487,137769556,138028162,137996048,137810797,137949366,137637276,137510547,137618575,137401891,137347658,137806452,137912965,137914847,137325358,138051604,137630460,137736753,137714915,137873183,138639933,137388913,137847019,137791446,137670883,137586160,137328396,137558687,137384247,138012483,138122267,137923777,137519856,138863430,137423592,137626963
19,237756069,237945622,238814311,238752502,239152813,238489739,238670837,238865146,238658468,238024039,238191219,238395194,238466574,238196383,238727337,238662043,237939632,238545606,239155565,238479038,238525456,238362042,238691245,238421595,238584738,238135357,238579096,238229525,238808806,237879136,238433238,238196172,237854311,237870650,238385428,238844605,238041465,238434579,238195098,238773271,238973246,238654534,238611456,238532942,238319758,238863322,238290086,237776273,238772785,238184616,238056172,238426128,238620437,237797380,237852888,239416828,238670610,238655703,238457111,237912384,238776283,238421863,238162552,242056302,239092712,239095248,239024154,238943897,238235639,238770031,240017383,238300967,238101038,238357504,238219809,238102751,238482514,238540648,238187702,238827985,237896204,238550084,238564264,238685135,238555466,238293201,238876917,238601643,238619977,238163692,237748640,238287621,238387968,238732196,238858239,238784064,238651232,238252499,238284842,238444348
20,137524938,137668727,137851378,137620459,137808616,137642449,137624005,138164352,137770321,137289017,138338477,137913950,137961569,138427448,137609851,137415210,137716859,137830168,138114181,137542257,137902589,137735022,137446737,137961453,137412771,139250713,137985515,137931993,137530324,137360045,137475430,139269273,137573802,137934958,137637398,137671299,137960291,137681620,137653536,137486987,138090784,137426141,138298196,141732317,137805643,137884380,137826076,137995275,137877151,137662718,137908099,137412026,137984657,137762159,137832268,137840528,137605896,138231665,137587120,137841594,137642530,138141002,137911304,138060911,137776508,137736457,138958144,137792673,137857304,137229894,137314630,137945218,138991374,137816082,137337032,139097356,137435849,137337727,137982565,137209208,137492621,137707478,137216772,137459534,137496558,137422842,137834478,137647799,137243202,137867534,137566401,137626477,137298768,137438264,137653183,137537714,137783792,137526912,138084878,137559394
20,239788884,238122098,239054844,238860880,238779500,238760665,238479579,238875135,238706397,237952099,238953316,238903420,239964722,238758019,238774314,238747372,239107217,238211426,238621100,238239246,238739152,240021377,239778102,238565332,238313348,238740950,239883561,238229441,240845385,238656840,238042350,238418005,240121968,238725035,238702906,238168465,238852354,238735316,238360336,238390001,239018608,238280616,238852928,239546622,239957476,238561937,238547825,238874793,238848402,238293172,238738294,238480498,238918466,239202365,238862018,238786839,238429753,238938787,239312736,238857452,238698745,239070862,238549130,239001531,238563097,238261403,238684170,238524320,238593738,238197499,238053321,238507271,238505211,238822286,238764835,238467784,238572877,238208748,238784072,238119425,238467449,238547181,238223458,238100804,238301566,238359688,238697162,238364270,238019882,238901240,238934896,238494048,238415122,238119192,238570164,238340168,238818918,238539285,238589539,238601172
21,137504371,137931906,137896673,137492078,137944457,137795678,137954707,137285848,137673178,137543011,138807091,137841982,137290527,137166585,139170030,137173704,137767190,137691242,137907586,137764914,137776693,137844968,138069585,137881666,137965905,137360699,137716728,137758710,137459989,138053910,137990075,137400810,138073388,137980898,137938134,137481810,137898226,137816865,137590050,138070881,137981837,137736097,138072702,137796642,137619922,137448308,138693350,137518542,137981616,137746976,137787326,137878081,137533637,138034074,137884348,138005554,139093550,137788438,137386848,138015152,137720134,137634375,137677591,138042184,137859773,137769752,137390111,137618020,137718682,138119497,137916439,137508125,137435203,137293052,137877352,137484488,137598577,137774927,137543608,137950934,137675281,137900097,137655759,137934261,137981437,137807870,137626936,137252194,137961012,137886080,137695571,138224772,137453712,137853585,137839109,137790567,137810287,137429226,137408595,137781094
21,238464665,238352088,238489738,238312426,238786822,238399619,238642422,238260204,238462010,238344074,239111921,238584362,238062777,238051873,238008440,238429944,238799067,238779885,238757578,238976614,238922816,238995222,238271716,239993286,240217251,239473387,238088718,238911452,238141087,238869444,238909345,238525649,238739050,238758396,239296360,238545794,238918558,238773199,238246465,238517361,238797824,238627630,238754967,238628533,238383011,237959972,239250986,239280231,238439064,238421615,238437382,238832275,237857054,238538805,238852491,238818311,238126803,238690890,238823850,238984092,238537693,238281185,238459365,238788725,239100215,238859730,238479689,238683245,238288865,238836261,238524690,238723547,238025401,238570145,238813365,238667696,238968186,238741793,238241111,238686027,238481948,238429872,238685618,239043073,238655844,238629411,238490586,238568477,238528334,239043562,238706639,239221427,238311732,238803695,238486009,238685075,238518807,239556589,238377833,238338034
22,137586884,137473473,138084106,137482435,137848764,137529852,137497774,137696162,137833087,137802432,137898018,137735976,137654479,137602511,137782082,138002369,137796165,137798593,137825919,139866623,137683411,137976438,137853683,137737195,137838822,137902840,137625872,137957188,137508890,137875560,137975345,137902268,137939786,137921636,137618259,137668834,137901190,137596360,137505650,137749999,137932972,138043925,137560123,137953725,137504329,137740142,137174601,137745757,137474999,137825335,137817758,137824712,138002789,137748072,137808298,139185202,137299818,137964189,137497382,138013607,137759980,137854652,137892394,137767694,137685025,137981653,137689378,137424033,137587754,138070381,137650163,138169620,137821162,138026392,137867592,137984612,137883300,138028822,137619392,137476134,137880427,138019326,137652330,137667259,137862395,137585378,137105000,137626871,137652824,137410828,137400804,137934675,137529121,137374630,138392772,137743442,137589406,138882993,137910838,137889123
22,238728281,238351481,238558326,238394800,238733639,238583453,238470560,238656152,238985584,238771857,238743582,238902679,238806401,238199669,238726690,238667814,238751007,238749194,238931709,238550025,238553852,238886452,240140498,239170302,238695847,238516720,238099536,238699877,238581602,238863599,238237409,238827384,238752025,238652527,238775057,238055584,239099353,238534052,238321582,238448701,238773507,238451767,238489535,238531898,238678764,238610736,238364919,239085400,238424001,238644882,238573734,238877910,238793690,238909751,238475548,240078464,238286103,238689789,238521112,238778139,238589999,238735422,238669047,238474347,238430750,238706159,238705815,238985305,238230095,238846561,238300771,238886272,238890667,239030822,238496337,238860287,238792809,238729827,238255979,239790946,238648674,238640544,238634860,238442866,238716248,238624710,237896985,238364550,238130656,238243088,238037039,238659286,238630009,238563864,237933043,238417308,238423427,238399853,238997596,239079117
23,137546915,137520775,137293679,137872103,137134986,137849182,137686774,137763370,137410795,137540865,137963641,137572980,137969323,137790017,137906362,137995081,137416250,137827532,137964022,137559740,137851219,137722714,137947081,137112242,137541714,137489522,137515825,137885445,137964441,137590507,137800823,137803360,138140238,137467866,137232775,137681749,137768879,137774184,138979729,137604849,137925968,137968488,137440672,137904564,138859640,138064824,137544706,137677897,138056061,137907129,138929052,137821512,137526322,140087642,137519395,137430929,137706928,137814027,137753742,138098706,137146675,137547033,137477666,137649197,137620430,137728296,137656594,137635678,137386049,137873193,137718544,137320199,139138030,137859509,137826457,137266007,138012276,137516340,137700556,137531815,137835383,137354996,137838792,137833358,137583933,137613303,137236134,137397448,137373018,137851022,138750306,137615203,137298068,137861513,137875149,137928715,137765328,137709179,137519968,137742512
23,238471382,238216405,238269699,240077643,238060893,239999047,238947287,238744733,237899709,238829470,238738305,238311074,238545825,238337736,238830123,238220504,238150472,238746393,238524092,238432555,238684305,238731129,238315585,237654703,238081604,238111274,238201419,238516494,238656619,238391599,242245357,238788809,238685019,238068285,238518673,238564222,238742277,238644380,238574485,239716447,238770324,240061507,238506839,238663611,238260802,238684978,238418868,238837850,238922577,238625189,238164806,238451172,238086106,238306647,238207574,238245587,238289230,238345089,238312912,238857720,238039131,238053032,238195953,238616991,238114112,238249144,237970779,238144671,238195209,238609666,239743543,238225165,238136128,241602191,238782920,237580716,238643058,238083801,237918098,238355272,238796641,238431877,238983414,238575050,238759531,238952802,238165027,238125165,238245730,238945078,237942306,238457639,238441298,238474346,238559777,238725427,238390309,238058041,238408935,238467670
24,137705710,137590547,137877208,138856196,137506949,137159661,137715636,137613658,137606225,138015636,137882790,137396216,137407434,138666410,137880492,137575986,137668793,137703284,138974143,138148729,137161540,137910835,137360604,138067292,137515850,137479328,139017844,137327777,137995381,138099130,137843937,137653909,137460218,137839107,137707487,137664381,137684044,137980424,137402933,137465570,138608992,137780293,137495026,137584563,138179888,137593819,137828315,137816291,137855864,137886835,137444822,139290994,137897432,137169408,137495647,137745037,137508077,137564996,137387951,138994594,137970947,139269103,137809577,137447049,141018403,137373513,137945910,137399195,137782058,137464371,137635356,137681323,137792159,138125429,137989133,138032029,137501327,137517824,137509986,137282916,137751628,137949664,137710337,137589502,138195110,138852178,137623320,138275992,137769652,137741770,137802160,137612579,138020406,137868382,137170924,137464009,137527699,138306504,137684043,137693928
24,238467068,238854414,238368266,238184897,238091726,238767264,238384368,238316536,238397864,238524280,238516571,238314340,237787775,237962039,238445915,238372336,240052860,242366339,239723966,240130903,240990386,238554778,238127635,238446989,238457947,238403363,238630499,238186989,240701304,240137524,239665419,238589081,238422252,238766785,239908190,238257699,238767841,238669859,238573236,238129092,239239313,238403041,239694901,238281053,239991671,238095331,238363580,238653417,238644799,238548695,238248842,238459529,238709836,238504162,238476828,238544041,238179595,238230701,238184711,238084383,238802269,238641765,238663593,239774253,238326822,238084721,238720163,240834463,238811654,238066663,238453818,239367443,238209231,238860349,238620014,238283919,238069437,238378298,238201699,237983403,238580730,238553626,238557750,238305064,238782993,238152380,241073552,240074881,240037405,238654596,238472495,238245000,238516270,238741831,238477662,238238363,237966843,238176159,238205274,240024853
25,137965176,137296261,137630697,137391754,137512071,137713825,137708635,137538133,137554904,137577571,137597791,137433005,137748518,137849098,137859207,137577809,137725749,137382349,137741162,137697245,137567991,137824953,137637861,137731420,137835184,137737373,137785244,137972789,137567943,137498404,138000017,137665460,137471948,137502051,137555780,137430400,136881518,137333977,137387636,137631813,137998396,139101801,137765707,137780096,137835404,137831202,137299697,137866967,138082549,137299406,137423257,138217522,137987811,137512806,137955917,137607359,137865593,137841157,137651966,138043260,137717495,137421401,137596921,137710434,137609484,137287625,137867353,137921320,140681233,137489467,138922832,137925601,137974417,138031279,137462010,138801407,137190083,137387955,138005409,138008453,138053703,137491048,137892955,137445838,137727156,138078042,137666812,137551004,137577188,138000046,137763032,137321148,137950364,137989222,137757957,137926565,137853101,137527478,137498215,137924993
25,238646318,238369131,238946824,238048371,238071268,238619088,238493837,239585041,238577778,238518374,238328365,238278782,238428342,238779945,238568121,238305817,238328640,238595706,238520109,238757598,238238999,238596061,238572050,238697847,238684629,238442359,238835010,238390071,237890638,238199764,238714912,237973490,238082617,239750206,238341474,238354285,239283324,237806148,239475228,238627633,238688954,238180083,238573298,238569602,238454895,238419002,243083374,238742185,238302777,237817847,239721009,238594527,238719874,240536079,238897343,238460458,238655853,238587787,238323623,238653552,239838371,238046927,238397520,238338347,238371393,237989173,238555239,238379957,238425375,237802402,238163505,238613910,238687291,238716741,238217591,238158546,237660000,238548090,238527498,238585944,238631777,238185552,238662140,239183362,239828093,238467107,238561829,238369921,238554526,240049285,238487855,237949218,238359386,238635276,238599730,238343700,238808195,238261661,239289159,238663624
26,137575811,137863449,137392123,137657698,137935096,137930969,137494196,137954014,137468773,137650108,137842153,137348133,137891715,137716499,137951526,137868685,137411403,137697633,137472561,138869240,137648514,137508626,137845817,137883954,137720973,137814472,137619830,137828598,140421303,138062224,138300995,137621853,137600061,137845358,137609069,137847534,137476415,137922814,137767262,137775433,137622521,137610904,137634295,137151976,139413399,137999417,137645713,137452300,138036418,137365648,137524397,137742561,137354229,137696138,137565754,137677438,137599542,137827398,137376779,137675437,138042493,137877590,138002545,137592826,137906673,137696628,137784740,137847878,137703516,137988738,137290204,137636052,137561793,137332211,137461715,137781748,137772528,137597726,137587167,137830212,137749935,137249487,137872366,137663909,137851226,137946935,137506703,137957483,137427171,137546432,137399860,137552973,137896711,137707597,137571554,137828111,137729066,137574322,137444005,137498443
26,238191846,238547685,238218127,238387033,238547252,239924176,238216551,239292453,237810287,237860873,238692497,238325742,238570044,238462186,238735094,238427619,237919248,238296668,238363792,240624287,238366685,238492920,238444301,238682410,238444199,238552155,238283804,238702607,238179798,238623768,238546910,237905767,238849912,238809950,238316811,239190749,238398956,238563990,238193283,238876818,238555224,238694254,237924381,237641777,239398029,238478209,238749062,238444409,238516088,237699934,239449991,238273599,238205204,239623511,238670166,238541094,238359175,238856722,238328229,237961169,238658776,238719044,238668300,239531398,238672898,238476117,239989419,238775497,238525137,238522805,237866428,237907776,238044310,237887158,237915845,238505648,238601797,238450874,238261081,238870742,238715321,238155639,238775101,238119692,239245381,238694025,238746507,238774221,246541715,238625028,238307052,238116320,238531924,238355393,238633968,238507593,238323874,241118601,238274694,238277474
27,137375172,137711555,138013119,138704271,139276805,137892009,137946248,137847874,137476077,137589025,137625154,137907379,137619995,137527691,137651715,137522585,137863342,137383618,137324162,137801205,137913491,137524445,137483675,137561934,137883889,137352198,137682307,138000440,137605067,137640607,137497434,137575268,137554124,137335394,137382869,137739349,138969124,139181251,139211901,137935239,137588067,137783622,137490078,137524103,137743543,137613782,138730470,137524067,137151688,138030757,137847030,137679831,137607660,137432628,137882829,137612967,137604923,137534510,137492060,139163278,137728853,137490632,137575775,137293747,137472640,137941582,137826940,137485803,138601651,140105853,137668463,137076040,137435222,139169093,137490081,138922662,139239206,137962140,137584971,137783932,137618740,139193124,137448997,139256088,139303108,138060560,138018846,137785468,138056724,137208073,137480179,137642361,137595317,137175154,137520922,137690079,137669630,138348377,137352057,137986909
27,237853234,238170988,238935740,238286091,238517881,238713134,238615911,240167439,238395646,238026349,241035584,238744126,238360690,239417066,239966941,238167740,238672988,239432540,237718302,238725603,240147985,238392971,239381456,239627215,238721668,242713540,238439908,238527954,238516335,238127555,238058051,238433395,240836142,238510263,238132850,239554505,240992652,238759482,238660546,239903977,238394947,240013048,238198282,238228309,238422583,238200865,238231396,238385492,240449232,240047361,238455406,239968065,238701454,238142756,238595866,240736300,238256669,238785490,238095283,239965074,239739687,238169850,238224473,237874076,238145437,238142688,239935323,238089048,238202126,239473290,237857781,238060989,239320676,239826665,239913074,240828295,240077688,242714658,239497183,238408806,240524094,240031841,239177329,238299118,238932676,238975257,238871275,238251616,238943301,238356585,238422959,238188569,238521457,237863083,238262072,238090565,238456007,238491302,238233424,239159687
28,137678807,137998224,137841833,138088427,137585848,137595782,137925512,138004237,137147137,137543531,137624654,137916390,137993548,137932223,137504462,138041058,137429455,137466505,138131939,137550381,137513447,137401364,137435889,137718715,137954832,137689722,137913395,137801944,137918258,137923208,140224559,137553964,137737770,137974258,137902628,137982857,137658628,137291127,137169880,137566915,137627391,139000160,137746736,137615809,139390927,138843916,137910824,137858415,138212528,138024594,138052046,137343349,139335827,137633724,137940158,138021764,138044642,137881575,137565187,138074017,141820378,138096735,137636881,137634259,137948883,137887604,137893308,139176013,137778525,137904045,137970110,137690366,137354831,137760259,137383440,137939860,137858048,137711973,137731377,137810273,137489821,137946772,137872404,138198081,137769150,137835678,139565142,137903829,137507310,137396552,141194414,138639277,137603275,137836012,138109542,137996851,137673452,137520641,137647292,137541234
28,240554078,238850877,238708447,238998940,238340657,238410274,238841211,238831880,237812380,238434528,238381331,238780924,239176113,238723477,238873870,238578078,238120909,238178401,238606823,238515869,238289463,237916761,238239747,238610798,238495828,238773137,238880687,238895755,238795149,238686637,239127074,238451452,238616159,238715095,238780385,240149047,238359628,238031963,237889467,238413324,238235100,239773123,238589288,238690193,238924415,238439448,238829384,238829292,238593233,238673162,238755103,239537530,238468246,238327475,238876381,238286566,238761966,238524672,238441730,238710376,238502969,238678275,238554775,238376707,238804705,238463108,238968607,239136455,237858185,239534446,239112903,239048232,238196532,238706116,237882297,239081104,238630494,238650643,238678450,238561887,238255884,238831541,238701703,238447257,238729913,238841221,238719576,238705500,237941275,238415631,238479639,238475612,238165304,238809467,238848838,238471511,238256632,238254842,238329548,238390336
29,138068577,138193785,138008548,137893950,138904766,138498077,137724868,137555723,137725210,137976367,137703296,137544460,137617851,137276258,138342483,137802904,137665503,137510767,137824274,138162555,137787940,137459880,137499749,137874910,137868329,137964526,137543863,137783960,137538934,138046234,137669718,138046494,137709678,137914633,137958886,139385546,137823565,138002168,137718561,137605196,137544543,137549876,137828642,137615726,138154115,138029147,138306042,137451610,137606647,137706851,139708795,137880518,137945051,138049497,138088184,137883853,137860009,137729726,137422285,137568604,137585872,137706398,138109692,138113610,137474945,137563575,139047162,137547683,137463015,137582812,137746985,137613308,137977308,137794849,137862391,137261343,137623477,139110682,137671821,137978929,137639682,137750030,138444291,138194923,138252900,138218069,137556710,137740052,137311289,137575994,138022765,137957331,137804934,138007538,137986407,137342158,137903798,138133314,138384797,137837117
29,239953688,238930904,238642055,238889496,239586972,243765129,238831623,238485938,238985779,238927270,238515149,238362069,238371130,237944397,238509212,238816736,238678430,239013734,238603410,238742454,238503835,238338086,238438564,238609699,238848288,238667260,238414968,238706404,238264148,238864792,238339192,238683915,238389150,238315039,240201142,240679128,238643774,240006919,238349085,238176044,238406406,238639555,239274457,238795714,238795164,238731502,238567787,238343498,238413023,238461766,238403390,238929794,238644043,238818118,238837962,239978535,238787293,238862382,238484596,238543846,238523836,237921066,238879640,238681549,238346867,238485110,238731165,242954508,238710690,238784600,238599979,238479297,238536122,238487428,238518073,238169763,238360703,238745969,238874121,238686845,238405313,238697262,239093362,239069283,238618667,238859647,238328658,238044638,237978248,238127962,238778090,238891400,238956420,238957944,238482236,238328385,238610084,238765839,238662803,238616541
30,137888062,137896728,137856644,137194877,137979197,137867643,137905078,138042541,137525886,138097330,137747557,138059325,138002334,137444409,138443083,137902866,137886337,137909960,137497139,137944234,137642877,138017621,137792727,137797983,137660740,138057147,137745833,138011550,137212092,137946425,137830948,137526418,137258030,137609976,138120978,137674563,138029899,137926711,138017629,137819034,138175899,138080631,137702616,137354943,137700884,136880864,137007561,137556236,137556056,137700383,137457360,137608992,137838617,137843157,137423076,138627693,137858214,138036158,137814972,137832585,137439632,137592210,138152279,137533801,137637926,137604033,137818157,137411985,137757828,137371618,137581353,137783204,137520479,137205230,137716064,137831047,137710700,137753743,137493847,137521932,137323005,137559843,137423019,137941199,137942219,137631616,137470153,137551884,137859848,137519944,138748053,137911155,138870205,137334442,137820276,137303700,137280242,137446543,137634797,137708059
30,238805673,238665585,238825229,238230162,238748390,238834210,238792731,238849843,238061633,238716717,238245106,238592175,238651815,238105096,239130111,238778050,238883981,238592490,238625472,238981602,238472868,238574993,238669857,238681705,238282532,238382750,238242720,238633048,238192027,238906525,238796799,238403571,238051483,238775723,239443322,239052081,239116416,238795401,239277110,238407883,238570062,238799900,238190656,238224644,238011393,237813166,237825669,238452015,238395174,238275841,237711504,238880544,238362260,238869569,238361313,238492561,238564770,238699537,238677659,238606031,238280509,238776829,238688344,237820777,239703547,238393141,238848281,238082152,238293492,238132047,238559886,238523900,238547326,238306129,238765052,238779878,238824915,238587976,238115981,238207339,238376730,238147484,238268053,238788032,238789086,238398387,238311279,238354222,238604864,238323487,238488052,238398548,238919621,238113777,238962091,239274952,239212651,238376554,238485922,238584477
